Serial,sequence_ID,sequence_length,telo_density,Telomere_start,Telomere_end,Telomere_length,telo_density_mismatch,Telomere_start_mismatch,Telomere_end_mismatch,Telomere_length_mismatch
1,737189b6-bccf-419a-9521-bb1aa4d4d4d3,2981,0.9919354838709677,1,2976,2976,0.9976517946997652,1,2981,2981
2,bd020f68-fc4b-4d36-8329-b77bb9d7063d,20410,0.9643115505184471,12112,20405,8294,0.9749370690598664,11269,20405,9137
3,68905faf-f28e-48a9-93e0-7fcd645323f5,59430,0.9841488628532047,49270,59426,10157,0.9910834132310642,48997,59426,10430
4,89038274-19b1-4435-a22c-43e81c6edef4,15880,0.9706759443339961,3806,15877,12072,0.9875745526838966,3806,15877,12072
